<!-- [Business | Support] Process -->

<process>
	<cod> </cod>
	<name> </name>
	<cod-name-process> </cod-name-process>
	<organization> </organization>
	<cod-name-fathers>
		<cod-name-father> </cod-name-father>
	</cod-name-fathers>
	<is-business-process> no </is-business-process>

	<objective>
		Representar todas as atividades de todas as instâncias em um formato
		para ser importado para uma planilha (na tag mind-cache), bem como
		destacar alguns aspectos importantes de BPM.
	</objective>

	<next-activities>

	</next-activities>

	<process-model>
		
	</process-model>


	<mind-cache>
		<process>
			<date> </date>
			<cod-name-process> </cod-name-process>
			<organization> </organization>
			<cod-name-father> </cod-name-father>
			<is-business-process> no </is-business-process>
			<cod-name-instance> </cod-name-instance>
			<!-- WAITING  EXECUTING  CONCLUDED -->
			<instance-status> WAITING </instance-status>
			<begin> </begin>
			<end> </end>
			<duration> </duration>
			<note>
			</note>
			<note-private>
			</note-private>
		</process>
	</mind-cache>
	
	<events>
		<event>
			
		</event>
		
	</events>
</process>


