<!-- [Business | Support] Process -->

<process>
	<cod> </cod>
	<name> </name>
	<cod-name-process> </cod-name-process>
	<organization> </organization>
	<cod-name-fathers>
		<cod-name-father> </cod-name-father>
	</cod-name-fathers>
	<is-business-process> no </is-business-process>

	<objective>
		Representar todas as atividades de todas as instâncias em um formato
		para ser importado para uma planilha (na tag mind-cache), bem como
		destacar alguns aspectos importantes de BPM.
	</objective>

	<next-activities>

	</next-activities>

	<process-model>
		
	</process-model>

    <instances>

        



        <!-- instance blueprint -->
        <instance>
            <cod-name-instance> </cod-name-instance>
            <!-- WAITING  EXECUTING  CONCLUDED -->
            <instance-status> WAITING </instance-status>
            <date>    </date>
            <begin>  </begin>
            <end> </end>
            <duration> </duration>
            <activity>
                
                
            </activity>
            <note-private>
            </note-private>
        </instance>
        

    </instances>


    
	<events>
		<event>
			
		</event>
		
	</events>
</process>


